time,temp_raw,humidity_raw,co2_raw,light_raw,temp,humidity,co2,light,prediction,confidence,final_status,zone,agreement,interventions,calibration_mode
2026-05-17T16:19:50.373556,32.3,70.0,2526.0,5.9,31.299999999999997,42.0,2406.0,300.0,non-conducive,1.0,non-conducive,non-conducive,1.0,CRITICAL_ADJUSTMENT,refined
2026-05-17T16:19:53.896052,32.4,69.5,2479.8,56.7,31.4,41.699999999999996,2359.8,300.0,non-conducive,1.0,non-conducive,non-conducive,1.0,CRITICAL_ADJUSTMENT,refined
2026-05-17T16:19:57.414342,32.4,69.4,2506.9,69.4,31.4,41.64,2386.9,300.0,non-conducive,1.0,non-conducive,non-conducive,1.0,CRITICAL_ADJUSTMENT,refined
2026-05-17T16:20:00.932596,32.4,69.3,2496.1,89.0,31.4,41.58,2376.1,300.0,non-conducive,1.0,non-conducive,non-conducive,1.0,CRITICAL_ADJUSTMENT,refined
2026-05-17T16:20:04.450217,32.4,69.3,2431.5,83.1,31.4,41.58,2311.5,300.0,non-conducive,1.0,non-conducive,non-conducive,1.0,CRITICAL_ADJUSTMENT,refined
2026-05-17T16:20:07.968562,32.4,69.3,2302.1,62.6,31.4,41.58,2182.1,300.0,non-conducive,1.0,non-conducive,non-conducive,1.0,CRITICAL_ADJUSTMENT,refined
2026-05-17T16:20:11.487447,32.4,69.3,2302.2,56.7,31.4,41.58,2182.2,300.0,non-conducive,1.0,non-conducive,non-conducive,1.0,CRITICAL_ADJUSTMENT,refined
2026-05-17T16:20:15.005314,32.4,69.2,2325.6,42.0,31.4,41.52,2205.6,300.0,non-conducive,1.0,non-conducive,non-conducive,1.0,CRITICAL_ADJUSTMENT,refined
2026-05-17T16:20:18.523518,32.4,69.3,2296.9,43.0,31.4,41.58,2176.9,300.0,non-conducive,1.0,non-conducive,non-conducive,1.0,CRITICAL_ADJUSTMENT,refined
2026-05-17T16:20:22.042543,32.4,69.2,2418.1,51.8,31.4,41.52,2298.1,300.0,non-conducive,1.0,non-conducive,non-conducive,1.0,CRITICAL_ADJUSTMENT,refined
2026-05-17T16:20:25.560804,32.4,69.2,2592.0,54.7,31.4,41.52,2472.0,300.0,non-conducive,1.0,non-conducive,non-conducive,1.0,CRITICAL_ADJUSTMENT,refined
2026-05-17T16:20:29.079098,32.4,69.3,2589.2,57.7,31.4,41.58,2469.2,300.0,non-conducive,1.0,non-conducive,non-conducive,1.0,CRITICAL_ADJUSTMENT,refined
2026-05-17T16:20:32.596701,32.4,69.3,2603.1,68.4,31.4,41.58,2483.1,300.0,non-conducive,1.0,non-conducive,non-conducive,1.0,CRITICAL_ADJUSTMENT,refined
2026-05-17T16:20:36.115695,32.4,69.3,2558.8,71.4,31.4,41.58,2438.8,300.0,non-conducive,1.0,non-conducive,non-conducive,1.0,CRITICAL_ADJUSTMENT,refined
2026-05-17T16:20:39.633948,32.4,69.3,2553.3,61.6,31.4,41.58,2433.3,300.0,non-conducive,1.0,non-conducive,non-conducive,1.0,CRITICAL_ADJUSTMENT,refined
2026-05-17T16:20:43.151937,32.4,69.3,2531.5,56.7,31.4,41.58,2411.5,300.0,non-conducive,1.0,non-conducive,non-conducive,1.0,CRITICAL_ADJUSTMENT,refined
2026-05-17T16:20:46.670703,32.4,69.2,2539.7,56.7,31.4,41.52,2419.7,300.0,non-conducive,1.0,non-conducive,non-conducive,1.0,CRITICAL_ADJUSTMENT,refined
2026-05-17T16:20:50.188055,32.4,69.2,2572.6,43.0,31.4,41.52,2452.6,300.0,non-conducive,1.0,non-conducive,non-conducive,1.0,CRITICAL_ADJUSTMENT,refined
2026-05-17T16:20:53.706763,32.4,69.2,2616.9,23.5,31.4,41.52,2496.9,300.0,non-conducive,1.0,non-conducive,non-conducive,1.0,CRITICAL_ADJUSTMENT,refined
2026-05-17T16:20:57.225093,32.4,69.2,2628.0,23.5,31.4,41.52,2508.0,300.0,non-conducive,1.0,non-conducive,non-conducive,1.0,CRITICAL_ADJUSTMENT,refined
2026-05-17T16:21:00.743546,32.4,69.3,2639.2,23.5,31.4,41.58,2519.2,300.0,non-conducive,1.0,non-conducive,non-conducive,1.0,CRITICAL_ADJUSTMENT,refined
2026-05-17T16:21:04.261117,32.4,69.2,2589.2,22.5,31.4,41.52,2469.2,300.0,non-conducive,1.0,non-conducive,non-conducive,1.0,CRITICAL_ADJUSTMENT,refined
2026-05-17T16:21:07.779319,32.4,69.2,2589.2,22.5,31.4,41.52,2469.2,300.0,non-conducive,1.0,non-conducive,non-conducive,1.0,CRITICAL_ADJUSTMENT,refined
2026-05-17T16:21:11.297770,32.4,69.3,2603.0,21.5,31.4,41.58,2483.0,300.0,non-conducive,1.0,non-conducive,non-conducive,1.0,CRITICAL_ADJUSTMENT,refined
2026-05-17T16:21:14.816429,32.4,69.2,2449.6,101.7,31.4,41.52,2329.6,300.0,non-conducive,1.0,non-conducive,non-conducive,1.0,CRITICAL_ADJUSTMENT,refined
2026-05-17T16:21:18.334614,32.4,69.2,2420.7,92.9,31.4,41.52,2300.7,300.0,non-conducive,1.0,non-conducive,non-conducive,1.0,CRITICAL_ADJUSTMENT,refined
2026-05-17T16:21:21.852587,32.4,69.2,2365.0,84.1,31.4,41.52,2245.0,300.0,non-conducive,1.0,non-conducive,non-conducive,1.0,CRITICAL_ADJUSTMENT,refined
2026-05-17T16:21:25.370849,32.4,69.2,1898.0,71.4,31.4,41.52,1778.0,300.0,non-conducive,1.0,non-conducive,non-conducive,1.0,CRITICAL_ADJUSTMENT,refined
2026-05-17T16:21:28.889599,32.4,69.1,1886.3,53.8,31.4,41.459999999999994,1766.3,300.0,non-conducive,1.0,non-conducive,non-conducive,1.0,CRITICAL_ADJUSTMENT,refined
2026-05-17T16:21:32.408278,32.4,69.1,1865.2,48.9,31.4,41.459999999999994,1745.2,300.0,non-conducive,1.0,non-conducive,non-conducive,1.0,CRITICAL_ADJUSTMENT,refined
2026-05-17T16:21:35.926220,32.4,69.1,1858.3,54.7,31.4,41.459999999999994,1738.3,300.0,non-conducive,1.0,non-conducive,non-conducive,1.0,CRITICAL_ADJUSTMENT,refined
2026-05-17T16:21:39.444016,32.4,69.0,1853.5,53.8,31.4,41.4,1733.5,300.0,non-conducive,1.0,non-conducive,non-conducive,1.0,CRITICAL_ADJUSTMENT,refined
2026-05-17T16:21:42.963169,32.4,69.0,1898.1,54.7,31.4,41.4,1778.1,300.0,non-conducive,1.0,non-conducive,non-conducive,1.0,CRITICAL_ADJUSTMENT,refined
2026-05-17T16:21:46.480545,32.4,69.0,1924.2,51.8,31.4,41.4,1804.2,300.0,non-conducive,1.0,non-conducive,non-conducive,1.0,CRITICAL_ADJUSTMENT,refined
2026-05-17T16:21:49.999443,32.4,68.9,2208.8,38.1,31.4,41.34,2088.8,300.0,non-conducive,1.0,non-conducive,non-conducive,1.0,CRITICAL_ADJUSTMENT,refined
2026-05-17T16:21:53.517449,32.4,69.0,2362.4,59.6,31.4,41.4,2242.4,300.0,non-conducive,1.0,non-conducive,non-conducive,1.0,CRITICAL_ADJUSTMENT,refined
2026-05-17T16:21:57.036204,32.4,68.9,2439.4,61.6,31.4,41.34,2319.4,300.0,non-conducive,1.0,non-conducive,non-conducive,1.0,CRITICAL_ADJUSTMENT,refined
2026-05-17T16:22:00.553579,32.4,69.0,2455.5,55.7,31.4,41.4,2335.5,300.0,non-conducive,1.0,non-conducive,non-conducive,1.0,CRITICAL_ADJUSTMENT,refined
2026-05-17T16:22:04.075811,32.4,69.0,2412.7,45.0,31.4,41.4,2292.7,300.0,non-conducive,1.0,non-conducive,non-conducive,1.0,CRITICAL_ADJUSTMENT,refined
2026-05-17T16:22:07.594092,32.4,69.1,2367.6,62.6,31.4,41.459999999999994,2247.6,300.0,non-conducive,1.0,non-conducive,non-conducive,1.0,CRITICAL_ADJUSTMENT,refined
2026-05-17T16:22:11.112383,32.4,68.9,2367.6,15.6,31.4,41.34,2247.6,300.0,non-conducive,1.0,non-conducive,non-conducive,1.0,CRITICAL_ADJUSTMENT,refined
